<?xml version="1.0" encoding="UTF-8"?><?xml-stylesheet type='text/xsl' href='_UpgradeReport_Files/UpgradeReport.xslt'?><UpgradeLog>
<Properties><Property Name="Solution" Value="example_vb">
</Property><Property Name="解决方案文件" Value="D:\便携机打印SDK\便携机打印SDK\Samples\VS2005 .NET\example_vb\example_vb.sln">
</Property><Property Name="用户选项文件" Value="D:\便携机打印SDK\便携机打印SDK\Samples\VS2005 .NET\example_vb\example_vb.suo">
</Property><Property Name="Date" Value="2012年5月8日">
</Property><Property Name="Time" Value="16:36">
</Property></Properties><Event ErrorLevel="0" Project="" Source="example_vb.sln" Description="文件已成功备份为 D:\便携机打印SDK\便携机打印SDK\Samples\VS2005 .NET\example_vb\Backup\example_vb.sln">
</Event><Event ErrorLevel="0" Project="" Source="example_vb.suo" Description="文件已成功备份为 D:\便携机打印SDK\便携机打印SDK\Samples\VS2005 .NET\example_vb\Backup\example_vb.suo">
</Event><Event ErrorLevel="0" Project="example_vb" Source="example_vb\example_vb.vbproj" Description="项目文件已成功备份为 D:\便携机打印SDK\便携机打印SDK\Samples\VS2005 .NET\example_vb\Backup\example_vb\example_vb.vbproj">
</Event><Event ErrorLevel="0" Project="example_vb" Source="example_vb\example_vb.vbproj.user" Description="项目用户文件成功备份为 D:\便携机打印SDK\便携机打印SDK\Samples\VS2005 .NET\example_vb\Backup\example_vb\example_vb.vbproj.user">
</Event><Event ErrorLevel="0" Project="example_vb" Source="example_vb\Form1.vb" Description="文件已成功备份为 D:\便携机打印SDK\便携机打印SDK\Samples\VS2005 .NET\example_vb\Backup\example_vb\Form1.vb">
</Event><Event ErrorLevel="0" Project="example_vb" Source="example_vb\Form1.Designer.vb" Description="文件已成功备份为 D:\便携机打印SDK\便携机打印SDK\Samples\VS2005 .NET\example_vb\Backup\example_vb\Form1.Designer.vb">
</Event><Event ErrorLevel="0" Project="example_vb" Source="example_vb\My Project\AssemblyInfo.vb" Description="文件已成功备份为 D:\便携机打印SDK\便携机打印SDK\Samples\VS2005 .NET\example_vb\Backup\example_vb\My Project\AssemblyInfo.vb">
</Event><Event ErrorLevel="0" Project="example_vb" Source="example_vb\My Project\Resources.Designer.vb" Description="文件已成功备份为 D:\便携机打印SDK\便携机打印SDK\Samples\VS2005 .NET\example_vb\Backup\example_vb\My Project\Resources.Designer.vb">
</Event><Event ErrorLevel="0" Project="example_vb" Source="example_vb\PrintDLL.vb" Description="文件已成功备份为 D:\便携机打印SDK\便携机打印SDK\Samples\VS2005 .NET\example_vb\Backup\example_vb\PrintDLL.vb">
</Event><Event ErrorLevel="0" Project="example_vb" Source="example_vb\Form1.resx" Description="文件已成功备份为 D:\便携机打印SDK\便携机打印SDK\Samples\VS2005 .NET\example_vb\Backup\example_vb\Form1.resx">
</Event><Event ErrorLevel="0" Project="example_vb" Source="example_vb\My Project\Resources.resx" Description="文件已成功备份为 D:\便携机打印SDK\便携机打印SDK\Samples\VS2005 .NET\example_vb\Backup\example_vb\My Project\Resources.resx">
</Event><Event ErrorLevel="0" Project="example_vb" Source="example_vb\example_vb.vbproj" Description="项目已成功转换">
</Event><Event ErrorLevel="3" Project="example_vb" Source="example_vb\example_vb.vbproj" Description="Converted">
</Event><Event ErrorLevel="0" Project="" Source="example_vb.sln" Description="成功转换解决方案">
</Event><Event ErrorLevel="3" Project="" Source="example_vb.sln" Description="Converted">
</Event><Event ErrorLevel="0" Project="example_vb" Source="example_vb\Form1.resx" Description="文件已成功转换">
</Event><Event ErrorLevel="3" Project="example_vb" Source="example_vb\Form1.resx" Description="Converted">
</Event><Event ErrorLevel="0" Project="example_vb" Source="example_vb\My Project\Resources.resx" Description="文件已成功转换">
</Event><Event ErrorLevel="3" Project="example_vb" Source="example_vb\My Project\Resources.resx" Description="Converted">
</Event><Event ErrorLevel="0" Project="example_vb" Source="example_vb\example_vb.vbproj" Description="扫描完成: 项目文件不需要升级。">
</Event></UpgradeLog>