<?xml version="1.0" encoding="UTF-8"?><?xml-stylesheet type='text/xsl' href='_UpgradeReport_Files/UpgradeReport.xslt'?><UpgradeLog>
<Properties><Property Name="Solution" Value="example_cs">
</Property><Property Name="解决方案文件" Value="D:\便携机打印SDK\便携机打印SDK\Samples\VS2005 .NET\example_cs\example_cs.sln">
</Property><Property Name="用户选项文件" Value="D:\便携机打印SDK\便携机打印SDK\Samples\VS2005 .NET\example_cs\example_cs.suo">
</Property><Property Name="Date" Value="2012年5月8日">
</Property><Property Name="Time" Value="13:57">
</Property></Properties><Event ErrorLevel="0" Project="" Source="example_cs.sln" Description="文件已成功备份为 D:\便携机打印SDK\便携机打印SDK\Samples\VS2005 .NET\example_cs\Backup\example_cs.sln">
</Event><Event ErrorLevel="0" Project="" Source="example_cs.suo" Description="文件已成功备份为 D:\便携机打印SDK\便携机打印SDK\Samples\VS2005 .NET\example_cs\Backup\example_cs.suo">
</Event><Event ErrorLevel="0" Project="example_cs" Source="example_cs\example_cs.csproj" Description="项目文件已成功备份为 D:\便携机打印SDK\便携机打印SDK\Samples\VS2005 .NET\example_cs\Backup\example_cs\example_cs.csproj">
</Event><Event ErrorLevel="0" Project="example_cs" Source="example_cs\example_cs.csproj.user" Description="项目用户文件成功备份为 D:\便携机打印SDK\便携机打印SDK\Samples\VS2005 .NET\example_cs\Backup\example_cs\example_cs.csproj.user">
</Event><Event ErrorLevel="0" Project="example_cs" Source="example_cs\Form1.cs" Description="文件已成功备份为 D:\便携机打印SDK\便携机打印SDK\Samples\VS2005 .NET\example_cs\Backup\example_cs\Form1.cs">
</Event><Event ErrorLevel="0" Project="example_cs" Source="example_cs\Form1.Designer.cs" Description="文件已成功备份为 D:\便携机打印SDK\便携机打印SDK\Samples\VS2005 .NET\example_cs\Backup\example_cs\Form1.Designer.cs">
</Event><Event ErrorLevel="0" Project="example_cs" Source="example_cs\PrintDLL.cs" Description="文件已成功备份为 D:\便携机打印SDK\便携机打印SDK\Samples\VS2005 .NET\example_cs\Backup\example_cs\PrintDLL.cs">
</Event><Event ErrorLevel="0" Project="example_cs" Source="example_cs\Program.cs" Description="文件已成功备份为 D:\便携机打印SDK\便携机打印SDK\Samples\VS2005 .NET\example_cs\Backup\example_cs\Program.cs">
</Event><Event ErrorLevel="0" Project="example_cs" Source="example_cs\Properties\AssemblyInfo.cs" Description="文件已成功备份为 D:\便携机打印SDK\便携机打印SDK\Samples\VS2005 .NET\example_cs\Backup\example_cs\Properties\AssemblyInfo.cs">
</Event><Event ErrorLevel="0" Project="example_cs" Source="example_cs\Properties\Resources.Designer.cs" Description="文件已成功备份为 D:\便携机打印SDK\便携机打印SDK\Samples\VS2005 .NET\example_cs\Backup\example_cs\Properties\Resources.Designer.cs">
</Event><Event ErrorLevel="0" Project="example_cs" Source="example_cs\Form1.resx" Description="文件已成功备份为 D:\便携机打印SDK\便携机打印SDK\Samples\VS2005 .NET\example_cs\Backup\example_cs\Form1.resx">
</Event><Event ErrorLevel="0" Project="example_cs" Source="example_cs\Properties\Resources.resx" Description="文件已成功备份为 D:\便携机打印SDK\便携机打印SDK\Samples\VS2005 .NET\example_cs\Backup\example_cs\Properties\Resources.resx">
</Event><Event ErrorLevel="0" Project="example_cs" Source="example_cs\example_cs.csproj" Description="项目已成功转换">
</Event><Event ErrorLevel="3" Project="example_cs" Source="example_cs\example_cs.csproj" Description="Converted">
</Event><Event ErrorLevel="0" Project="" Source="example_cs.sln" Description="成功转换解决方案">
</Event><Event ErrorLevel="3" Project="" Source="example_cs.sln" Description="Converted">
</Event><Event ErrorLevel="0" Project="example_cs" Source="example_cs\Form1.resx" Description="文件已成功转换">
</Event><Event ErrorLevel="3" Project="example_cs" Source="example_cs\Form1.resx" Description="Converted">
</Event><Event ErrorLevel="0" Project="example_cs" Source="example_cs\Properties\Resources.resx" Description="文件已成功转换">
</Event><Event ErrorLevel="3" Project="example_cs" Source="example_cs\Properties\Resources.resx" Description="Converted">
</Event><Event ErrorLevel="0" Project="example_cs" Source="example_cs\example_cs.csproj" Description="扫描完成: 项目文件不需要升级。">
</Event></UpgradeLog>